Sezione 1 ;Sezione 2 ;Domanda;Sotto domanda;Risposta 
Alloggi on campus ;Domanda Alloggi ;Posso confermare il mio alloggio per il prossimo anno accademico 2023-24?;Posso confermare il mio alloggio per il prossimo anno accademico 2023-24?;Se sei già ospite in una delle residenze Bocconi e sei interessato a rimanere nello stesso alloggio anche per il prossimo anno accademico, puoi verificare le informazioni relative alla Domanda di Conferma alloggio. La conferma alloggio è riferita alla stessa camera da te già occupata durante l’a.a. 2022-23. Gli alloggi verranno confermati per il periodo di assegnazione standard (fine agosto 2023-fine giugno 2024), che risponde alle necessità accademiche della maggior parte degli studenti.
Alloggi on campus ;Domanda Alloggi ;Posso confermare il mio alloggio per il prossimo anno accademico 2023-24?;1. Requisiti per la presentazione della domanda di conferma;"Conferma alloggio a tariffa intera
Per poter confermare l’alloggio dovrai:

Risultare già ospite in residenza a tariffa intera alla data di apertura della domanda

Aver conseguito entro la sessione di esami invernale a.a. 2022-23 almeno il numero di crediti indicato di seguito:

- 11 crediti per gli iscritti al primo anno (Triennio, Biennio, CLMG) nell’a.a. 2022-23
- 60 crediti per gli iscritti al secondo anno (Triennio, CLMG) nell’a.a. 2022-23
-120 crediti per gli iscritti nell’a.a. 2022-23 al terzo anno di un corso di laurea triennale che intendano immatricolarsi per l’a.a. 2023-24 al primo anno di un corso di laurea magistrale in Bocconi, oppure gli iscritti nell’a.a. 2022-23 al terzo anno di CLMG
- 180 crediti per gli iscritti al quarto anno CLMG nell’a.a. 2022-23
- 240 crediti per gli iscritti al quinto anno CLMG nell’a.a. 2022-23
NON è previsto l’utilizzo di crediti bonus in aggiunta ai crediti effettivamente conseguiti dallo studente


Dichiarare di volerti iscrivere per l’a.a. 2023-24 per la prima volta in assoluto a un anno di corso regolare successivo al primo di un corso di laurea triennale, laurea magistrale a ciclo unico, laurea magistrale o Dottorato di Ricerca. I Bocconiani iscritti al 3° anno di un corso di laurea triennale nell’ a.a. 2022-23 possono confermare l'alloggio se nell'a.a. 2023-24 si immatricoleranno al 1° anno di un corso di laurea magistrale in Bocconi.

Essere fuori sede cioè non residente in un comune “in sede” (pdf) o “pendolare” (pdf)

Non rientrare in nessuno dei motivi di esclusione previsti e dettagliati sul sito.

Se soddisferai tutti i requisiti previsti e sopra indicati, ti verrà confermato per l’a.a. 2023-24 lo stesso alloggio da te occupato nell’a.a. 2022-23.

 
Conferma alloggio a tariffa agevolata
Per poter confermare l’alloggio dovrai:

Risultare già ospite in residenza a tariffa agevolata alla data di apertura della domanda

Aver conseguito entro la sessione di esami invernale a.a. 2022-23 almeno il numero di crediti indicato di seguito:
- 11 crediti per gli iscritti al primo anno (Triennio, Biennio, CLMG) nell’a.a. 2022-23
- 60 crediti per gli iscritti al secondo anno (Triennio, Biennio, CLMG) nell’a.a. 2022-23
- 120 crediti per gli iscritti al terzo anno (Triennio, CLMG) nell’a.a. 2022-23
-120 crediti per gli iscritti al 1° anno fuori corso di un corso di laurea triennale nell’a.a. 2022-23 che intendano immatricolarsi per l’a.a. 2023-24 al primo anno di un corso di laurea magistrale in Bocconi
- 180 crediti per gli iscritti al quarto anno CLMG nell’a.a. 2022-23
- 240 crediti per gli iscritti al quinto anno CLMG nell’a.a. 2022-23
NON è previsto l’utilizzo di crediti bonus in aggiunta ai crediti effettivamente conseguiti dallo studente


Dichiarare di volerti iscrivere per l’a.a. 2023-24 per la prima volta in assoluto a un anno di corso regolare successivo al primo di un corso di laurea triennale, laurea magistrale a ciclo unico, laurea magistrale o Dottorato di Ricerca oppure al 1° anno fuori corso di un corso di laurea triennale, magistrale o magistrale a ciclo unico. I Bocconiani iscritti al 3° anno oppure al 1° anno fuori corso di un corso di laurea triennale nell’ a.a. 2022-23 possono confermare l'alloggio se nell'a.a. 2023-24 si immatricoleranno al 1° anno di un corso di laurea magistrale in Bocconi.

Essere in possesso dei requisiti economici stabiliti da Regione Lombardia per l’accesso ai benefici del diritto allo studio universitario per l’a.a. 2023-24 e della relativa documentazione necessaria: consulta la pagina dedicata per tutte le informazioni. Se per l’a.a. 2023-24 sei in possesso di un'Attestazione ISEE/ISEEU parificato con valori ISEE/ISEEU parificato e/o ISPE/ISPEU parificato superiori ai limiti previsti, puoi chiedere di confermare il tuo alloggio a tariffa intera (link)

Essere fuori sede cioè non residente in un comune “in sede” (pdf) o “pendolare” (pdf)

Non rientrare in nessuno dei motivi di esclusione previsti e dettagliati sul sito.

Se soddisferai tutti i requisiti previsti e sopra indicati, ti verrà confermato per l’a.a. 2023-24 lo stesso alloggio da te occupato nell’a.a. 2022-23."
Alloggi on campus ;Domanda Alloggi ;Posso confermare il mio alloggio per il prossimo anno accademico 2023-24?;2. Presentazione della domanda;"Application online conferma alloggio (tariffa intera e tariffa agevolata)
9-23 febbraio 2023"
Alloggi on campus ;Domanda Alloggi ;Posso confermare il mio alloggio per il prossimo anno accademico 2023-24?;3. Requisiti che dovrai rispettare per usufruire dell'alloggio assegnato;"Gli studenti assegnatari di alloggio per l’a.a. 2023-24 potranno usufruire dell’alloggio assegnato soltanto in presenza delle seguenti condizioni:

REGOLARE ISCRIZIONE/IMMATRICOLAZIONE all'a.a. 2023-24

>immatricolazione per l’a.a. 2023-24 per la prima volta in assoluto al primo anno regolare di corso di un corso di laurea magistrale (ovvero Bocconiani di triennio che passino al 1° anno di biennio)

oppure

>iscrizione per l’a.a. 2023-24 per la prima volta in assoluto ad un anno di corso regolare successivo al primo di un corso di laurea triennale, magistrale, magistrale a ciclo unico o ad un corso di Dottorato di Ricerca. SOLO per la tariffa agevolata: potranno usufruire dell'alloggio anche gli studenti iscritti al 1° anno fuori corso di un corso di laurea triennale, magistrale, magistrale a ciclo unico.

Si specifica che gli studenti in situazione di handicap riconosciuto ai sensi della legge n.104/1992 o con invalidità pari o superiore al 66% possono risiedere in un alloggio anche se iscritti per l’a.a. 2023-24 al 2° anno fuori corso di un corso di laurea triennale, magistrale, magistrale a ciclo unico.

Si precisa che gli anni di immatricolazione/iscrizione vengono conteggiati per ciascuno ciclo di studio a partire dall’anno di prima immatricolazione assoluta*.

REQUISITO DI MERITO

Ai fini dell’idoneità ad usufruire dell’alloggio, si applicano le regole previste in tema di requisiti di merito e dettagliate sulla pagina dedicata del sito.

 

Gli studenti assegnatari di alloggio per i quali fosse successivamente accertata la mancata regolare immatricolazione/iscrizione all’a.a. 2023-24 o il mancato possesso dei requisiti di merito perdono il diritto (idoneità) ad usufruire del Servizio Alloggi per l’a.a. 2023-2024.

L’avvenuta assegnazione sarà cancellata d’ufficio e gli studenti saranno tenuti a lasciare immediatamente l’alloggio assegnato. Si specifica che i pagamenti dovuti rimarranno a carico dello studente anche in caso di cancellazione dell’assegnazione. Per tale motivo si invitano gli studenti a porre particolare attenzione, prima di presentare domanda di alloggio, alle disposizioni in tema di cancellazione specificate sulla pagina dedicata del sito."
Alloggi on campus ;Domanda Alloggi ;Come posso richiedere l'assegnazione di un alloggio a tariffa agevolata per il prossimo anno accademico 2023-24?;Come posso richiedere l'assegnazione di un alloggio a tariffa agevolata per il prossimo anno accademico 2023-24?;"Se sei interessato a presentare domanda di nuova ammissione in alloggio a tariffa agevolata per l'a.a. 2023-24 verifica qui tutte le informazioni necessarie.

Attraverso la domanda di nuova ammissione in alloggio a tariffa agevolata verranno assegnati alloggi per il periodo di assegnazione standard (fine agosto 2023 — fine giugno 2024).

Attraverso questa domanda verranno assegnati i posti rimasti liberi successivamente alla Domanda di conferma a tariffa agevolata ed entro il numero di posti letto così come definiti sul Bando di Concorso alloggi 2023-2024 (intesi come numero totale e numero di posti specifico per singola residenza)."
Alloggi on campus ;Domanda Alloggi ;Come posso richiedere l'assegnazione di un alloggio a tariffa agevolata per il prossimo anno accademico 2023-24?;1. Requisiti per la presentazione della domanda;"Per poter presentare domanda di nuova ammissione in alloggio a tariffa agevolata per l’a.a. 2023-24 dovrai:

Matricole

> essere immatricolato per la prima volta in assoluto per l’a.a. 2023-24 al primo anno di un regolare corso di laurea triennale, laurea magistrale a ciclo unico, laurea magistrale o Dottorato di Ricerca.

Anni successivi

> dichiarare di volerti iscrivere per l’a.a. 2023-24 per la prima volta in assoluto a un anno di corso regolare successivo al primo di un corso di laurea, laurea magistrale a ciclo unico, laurea magistrale o Dottorato di Ricerca oppure al 1° anno fuori corso di un corso di laurea triennale, magistrale e magistrale a ciclo unico. Se sei uno studente Bocconiano iscritto nell'a.a. 2022-23 al 3° anno regolare oppure al 1° anno fuori corso di un corso di laurea triennale, dovrai dichiarare di presentare domanda di ammissione a un corso di laurea magistrale per l'a.a. 2023-24.
> aver conseguito entro la sessione di esami invernale a.a. 2022-23 almeno il numero di crediti indicato di seguito:
- 11 crediti per gli iscritti al primo anno (Triennio, Biennio, CLMG) nell’a.a. 2022-23
- 60 crediti per gli iscritti al secondo anno (Triennio, Biennio, CLMG) nell’a.a. 2022-23
- 120 crediti per gli iscritti al terzo anno (Triennio, CLMG) nell’a.a. 2022-23
- 120 crediti per gli iscritti al 1° anno fuori corso di un corso di laurea triennale nell’a.a. 2022-23 che intendano immatricolarsi per l’a.a. 2023-24 al primo anno di un corso di laurea magistrale in Bocconi
- 180 crediti per gli iscritti al quarto anno CLMG nell’a.a. 2022-23
- 240 crediti per gli iscritti al quinto anno CLMG nell’a.a. 2022-23

NON è previsto l’utilizzo di crediti bonus in aggiunta ai crediti effettivamente conseguiti dallo studente.


Tutti gli studenti

> essere in possesso dei requisiti economici per l’accesso ai benefici del Diritto allo Studio Universitario previsti dalla Regione Lombardia per l’a.a. 2023-24 e della relativa documentazione necessaria: consulta la pagina dedicata per tutte le informazioni. Gli studenti che non siano in possesso dei requisiti economici previsti non potranno essere assegnatari di un alloggio a tariffa agevolata e saranno esclusi. I richiedenti potranno quindi presentare domanda di alloggio a tariffa intera secondo le tempistiche e modalità previste.

> essere fuori sede cioè non residente in un comune “in sede” (pdf) o “pendolare” (pdf)

> non rientrare in nessuno dei motivi di esclusione


Gli studenti che risulteranno idonei per la nuova ammissione in alloggio a tariffa agevolata per l’a.a. 2023-24 riceveranno l’assegnazione di un alloggio. Nel caso in cui il numero dei richiedenti superi il numero dei posti disponibili, l'assegnazione avverrà in base alla graduatoria seguendo l'ordine descritto nel Bando di Concorso alloggi a.a. 2023-24."
Alloggi on campus ;Domanda Alloggi ;Come posso richiedere l'assegnazione di un alloggio a tariffa agevolata per il prossimo anno accademico 2023-24?;2. Presentazione della domanda;"Domanda di nuova ammissione in alloggio a tariffa agevolata a.a. 2023-24
Dal 9 al 19 marzo 2023"
Alloggi on campus ;Domanda Alloggi ;Come posso richiedere l'assegnazione di un alloggio a tariffa agevolata per il prossimo anno accademico 2023-24?;3. Requisiti che dovrai rispettare per usufruire dell'alloggio assegnato;"Gli studenti assegnatari di alloggio a seguito della procedura sopra descritta per l’a.a. 2023-24 potranno usufruire dell’alloggio assegnato soltanto in presenza delle seguenti condizioni:

REGOLARE IMMATRICOLAZIONE/ISCRIZIONE per l'a.a. 2023-24

>immatricolazione per l’a.a. 2023-24 per la prima volta in assoluto al primo anno regolare di un corso di laurea triennale, laurea magistrale a ciclo unico, laurea magistrale o Dottorato di Ricerca.

oppure

>iscrizione per l’a.a. 2023-24 per la prima volta in assoluto ad un anno di corso regolare successivo al primo di un corso di laurea triennale, magistrale, magistrale a ciclo unico o ad un corso di Dottorato di Ricerca. Potranno usufruire dell'alloggio anche gli studenti iscritti al 1° anno fuori corso di un corso di laurea triennale, magistrale, magistrale a ciclo unico.

Si specifica che gli studenti in situazione di handicap riconosciuto ai sensi della legge n.104/1992 o con invalidità pari o superiore al 66% possono risiedere in un alloggio anche se iscritti per l’a.a. 2023-24 al 2° anno fuori corso di un corso di laurea triennale, magistrale, magistrale a ciclo unico.

Si precisa che gli anni di immatricolazione/iscrizione vengono conteggiati per ciascuno ciclo di studio a partire dall’anno di prima immatricolazione assoluta*.


REQUISITO DI MERITO

Ai fini dell’idoneità ad usufruire dell’alloggio, si applicano le regole previste in tema di requisiti di merito e dettagliate sulla pagina dedicata del sito.


Gli studenti assegnatari di alloggio per i quali fosse successivamente accertata la mancata regolare immatricolazione/iscrizione all’a.a. 2023-24 o il mancato possesso dei requisiti di merito perdono il diritto (idoneità) ad usufruire del Servizio Alloggi per l’a.a. 2023-2024.

L’avvenuta assegnazione sarà cancellata d’ufficio e gli studenti saranno tenuti a lasciare immediatamente l’alloggio assegnato. Si specifica che i pagamenti dovuti rimarranno a carico dello studente anche in caso di cancellazione dell’assegnazione. Per tale motivo si invitano gli studenti a porre particolare attenzione, prima di presentare domanda di alloggio, alle disposizioni in tema di cancellazione specificate sulla pagina dedicata del sito.


Attenzione

Se per l’a.a. 2023-24 presenti domanda di nuova ammissione a tariffa agevolata e anche domanda di nuova ammissione a tariffa intera, ottenendo l’assegnazione di un alloggio in quella fase, vedrai annullata ogni domanda e/o assegnazione a tariffa agevolata. La tua assegnazione per l’a.a. 2023-2024 sarà a tariffa intera.

Per tutto il periodo in cui lo studente è ospite di una residenza Bocconi non è consentito il cambio camera. È invece facoltà dell’Università Bocconi trasferire l’ospite anche in corso d’anno in altra struttura abitativa alla tariffa prevista per la residenza di destinazione.

L’assegnazione dell’alloggio per l’a.a. 2023-2024 viene concessa per il solo anno accademico di presentazione della domanda, non è pertanto automaticamente concessa per gli anni accademici successivi ma costituisce responsabilità dello studente verificare l’eventuale possibilità di conferma e provvedere alle successive domande di assegnazione nei modi che saranno previsti dai Bandi di Concorso alloggi di ciascun anno accademico di interesse."
Alloggi on campus ;Domanda Alloggi ;Vorrei prenotare un alloggio a tariffa intera per l'a.a. 2023-24. Come posso procedere?;Vorrei prenotare un alloggio a tariffa intera per l'a.a. 2023-24. Come posso procedere?;Se sei uno studente iscritto e sei interessato all'assegnazione di un alloggio a tariffa intera per l'a.a. 2023-24, potrai partecipare alle diverse sessioni di Open reservation mensili che verranno messe a disposizione degli studenti: le prime sessioni si svolgeranno a partire da metà settembre 2023.
Alloggi on campus ;Domanda Alloggi ;Ho bisogno di una dichiarazione relativa alla mia assegnazione alloggio. Come posso chiederla?;Ho bisogno di una dichiarazione relativa alla mia assegnazione alloggio. Come posso chiederla?;"Ti suggeriamo di stampare l'esito presente in Myapplication.

Qualora il documento di cui sopra non fosse sufficiente, ti chiediamo di indicarci quali sono gli elementi che mancano nell'esito e che per te sono necessari, di indicarci inoltre la finalità della dichiarazione e a chi deve essere indirizzata.

Precisiamo che il documento verrà rilasciato entro 5 giorni lavorativi."
Alloggi on campus ;Disponibilità di alloggi in corso d'anno;Non ho partecipato alle assegnazioni regolari: posso comunque trovare un alloggio durante l'anno?;Non ho partecipato alle assegnazioni regolari: posso comunque trovare un alloggio durante l'anno?;"Se non hai prenotato il tuo alloggio in una delle opportunità di assegnazione regolari, puoi comunque verificare eventuali disponibilità di alloggio durante l'anno accademico, partecipando alle diverse sessioni di Open reservation che verranno messe a disposizione degli studenti. 

 

Saranno disponibili le seguenti application:

 

Tariffa Intera

> Tariffa intera annuale
(assegnazioni terminate, si prega di fare riferimento all Open reservation MENSILI)

> Open reservation mensili (https://www.unibocconi.it/wps/wcm/connect/bocconi/sitopubblico_it/albero+di+navigazione/home/corsi+di+studio/studenti+iscritti/servizi/alloggi+on+campus/domanda+alloggio/2023-24+open+reservation+mensili)
da metà settembre 2023


Tariffa Agevolata

> Open reservation - sessione di recupero (https://bit.unibocconi.it/hc/it/articles/8878200426258) "
Alloggi on campus ;Disponibilità di alloggi in corso d'anno;Open reservation mensili a.a. 2023-24;Open reservation mensili a.a. 2023-24;Le Open reservation mensili sono assegnazioni residuali degli alloggi, aperte a tutti gli studenti Bocconi regolarmente iscritti all'a.a. 2023-24 e si svolgeranno regolarmente in base alla disponibilità di camere, allo scopo di soddisfare il più possibile la richiesta di alloggio da parte degli studenti anche in corso d'anno. Solo gli studenti realmente interessati a prendere possesso di una camera sono invitati a presentare domanda in questa fase in modo da non limitare o esaurire la possibilità di scelta per altri studenti.
Alloggi on campus ;Disponibilità di alloggi in corso d'anno;;"Requisiti
";"Possono presentare richiesta di nuova ammissione in alloggio Open reservation mensili tutti gli studenti Bocconi regolarmente iscritti per l'a.a. 2023-24 a: 

un corso di laurea, laurea magistrale a ciclo unico, laurea magistrale o Dottorato di ricerca;

programmi master Universitari, master SDA Bocconi;

Double Degree;

Corsi singoli.

indipendentemente dalla residenza anagrafica, dal merito accademico, dall’anno di corso di iscrizione e dalla situazione economica della famiglia.

Non possono invece presentare domanda di nuova ammissione in alloggio Open reservation mensili:

gli studenti già assegnatari di alloggio per l’a.a. 2023-24;

gli studenti che in qualunque anno accademico siano incorsi nella revoca per ritardato pagamento o per violazione del Regolamento Residenze Bocconi qualora sia stata disposta dall’Università anche la non idoneità ad usufruire del Servizio Alloggi per tutto il ciclo di studi."
Alloggi on campus ;Disponibilità di alloggi in corso d'anno;;Calendario ;"Le sessioni di Open reservation mensili si svolgeranno a partire da metà settembre 2023 in base alle date riportate sulla pagina dedicata del sito, che verranno aggiornate con le date successive di volta in volta in base alla disponibilità di posti.

 

Apertura domanda online


Pagina web dedicata - sessioni disponibili



Le date delle sessioni successive verranno riportate sulla stessa pagina. Lo svolgimento di ciascuna sessione sarà confermato entro la sera del giorno precedente allo svolgimento della sessione stessa, in base alla disponibilità di posti."
Alloggi on campus ;Disponibilità di alloggi in corso d'anno;;Periodo di assegnazione;"Le Open reservation mensili sono sempre valide a partire dal primo giorno del mese successivo rispetto a quello in cui la prenotazione viene effettuata(es: se la domanda viene presentata e accettata nel mese di ottobre si potrà prendere possesso della camera a partire il primo novembre) se non diversamente specificato nella data indicata di fianco alla tipologia di camera prescelta all'interno dell'application.

Durante la compilazione della domanda si dovrà indicare il numero di mesi di permanenza nella residenza, che, ricordiamo, devono essere interi.

Nota bene: Una volta terminato il periodo di assegnazione non sarà possibile rinnovarlo, nel caso in cui si necessiti di più tempo sarà necessario presentare nuovamente la domanda per verificare le disponibilità."
Alloggi on campus ;Disponibilità di alloggi in corso d'anno;;Tipologie di camera;"In ogni sessione di Open reservation mensili saranno messe a disposizione unicamente le camere non precedentemente prenotate e assegnate, quindi è possibile che non tutte le residenze e/o non tutte le tipologie di camera all'interno di una residenza siano disponibili.

Prima di presentare domanda ti invitiamo a verificare le Residenze Bocconi e le varie tipologie di camera consultando le sezioni del sito dedicate: in questo modo avrai già idea delle residenze/tipologie di camere che potranno soddisfare le tue esigenze e che vorresti prenotare, se disponibili."
Alloggi on campus ;Disponibilità di alloggi in corso d'anno;;Tariffe applicate;"Partecipando alle Open reservation mensili potrai prenotare la tipologia di camera che preferisci tra quelle che risulteranno disponibili al momento del tuo accesso alla domanda online.

La tariffa applicata sarà quella relativa alla tipologia di camera che hai scelto e confermato — visibile al momento della selezione in application.


Nota bene:

Le Open reservation MENSILI sono esclusivamente a tariffa intera. Gli studenti interessati alla tariffa agevolata dovranno fare esclusivamente riferimento alla Open reservation - sessione di recupero."
Alloggi on campus ;Disponibilità di alloggi in corso d'anno;;Come presentare domanda Open reservation mensili;"Prima di accedere alla domanda prendi visione dei documenti utili (Regolamento Residenze Bocconi a.a. 2023-24 e Informativa privacy) disponibili al seguente link.

Tieni a portata di mano le credenziali di accesso, cerca una connessione internet veloce e utilizza un unico dispositivo per accedere alla domanda online nel momento dell’apertura. All’apertura della domanda online, segui tutti i passaggi previsti:


> ACCEDI al link all'orario di apertura indicato: ti troverai in una ""waiting room"" virtuale. Quando arriva il tuo turno, accedi inserendo le credenziali Bocconi (matricola/username e password).

> ENTRA NELLA SEZIONE ""Accommodation choice""

> SELEZIONA LA RESIDENZA

Se non visualizzi alcuna opzione significa che i posti disponibili sono esauriti.

> SELEZIONA LA TIPOLOGIA DI CAMERA

Se non visualizzi alcuna opzione significa che i posti disponibili sono esauriti.

> CLICCA SU ""SAVE"" (salva) in fondo alla sezione

Se non riesci a cliccare significa che i posti disponibili sono esauriti.

> CLICCA SU ""CONFERMA DATI / SUBMIT DATA"" (conferma dati)

Se non riesci a cliccare significa che i posti disponibili sono esauriti.

La prenotazione è andata a buon fine esclusivamente se il pulsante rosso ""Conferma dati /Submit data"" non è più visibile e al suo posto compare la scritta: ""Hai confermato i dati il gg/mm/aaaa"".


> CARICA I DOCUMENTI E INOLTRA LA DOMANDA

Procedi entro le ore 23:59 del giorno stesso al caricamento di tutti i documenti disponibili in application da stampare, firmare a mano e caricare negli appositi spazi upload e al pagamento del deposito cauzionale. Clicca su ""Inoltra domanda/ Submit application"" entro le ore 23.59.

L'ufficio verificherà che la tua prenotazione sia andata a buon fine e it darà un esito attraverso MyApplication nei giorni successivi.


Attenzione

Se non sei riuscito a cliccare su ""Save"" in fondo alla sezione, significa che i posti disponibili sono terminati. Procedi a selezionare una nuova tipologia di camera e/o Residenza;

Se sei riuscito a selezionare una Residenza e tipologia di camera e a salvare la sezione, ma al momento del ""Submit data"" (conferma dati) un altro utente ha occupato l’ultimo posto disponibile per la Residenza e/o tipologia da te selezionata, il bottone rosso “Submit data” (conferma dati) rimane visibile: questo significa che, anche sei hai già espresso e salvato una preferenza nella sezione ""Residenza e tipologia camera"", la tua prenotazione non è andata a buon fine per mancanza di posti.

Per questo motivo non sei stato in grado di confermare i dati, e dovrai quindi:

rientrare nella sezione ""Residenza e tipologia camera"";
procedere a selezionare una nuova opzione;
salvare nuovamente i dati nella sezione cliccando su “SAVE”;
riprovare a confermare i dati per la nuova selezione, cliccando sul bottone rosso “Submit data” (conferma dati).
Se nel cercare una nuova opzione da selezionare tutti i posti disponibili fossero già esauriti, il sistema continuerebbe a farti visualizzare, nella sezione ""Residenza e tipologia camera"", la tua selezione originaria: questo NON significa che la prenotazione sia andata a buon fine."
Alloggi on campus ;Disponibilità di alloggi in corso d'anno;;Come caricare correttamente i documenti;"È necessario stampare tutti i documenti, firmarli a mano con firma leggibile e caricarli con tutte le pagine nell’apposita sezione entro e non oltre la scadenza della domanda.

Per terminare la domanda è necessario cliccare sul pulsante ""Submit application"" (Inoltra domanda) dopo aver provveduto al pagamento del deposito cauzionale di 500 euro e all'upload di tutti i documenti richiesti e disponibili all'interno della domanda online."
Alloggi on campus ;Disponibilità di alloggi in corso d'anno;;Accettazione alloggio;"Dopo aver inoltrato la domanda, l'Ufficio verificherà la tua posizione e la correttezza dell'application da te inoltrata. Nei giorni successivi visualizzerai in MyApplication l'esito della tua domanda, che contiene le istruzioni da seguire per accettare l'alloggio.

L'accettazione da parte dello studente entro il termine stabilito sarà indispensabile per confermare l'assegnazione alloggio per l'a.a. 2023-24 e consisterà nella firma del documento ""Accettazione alloggio"" disponibile in MyApplication dopo l'esito. In mancanza di accettazione alloggio, la prenotazione verrà cancellata e lo studente decadrà dall'assegnazione dell'alloggio.

Dopo l'accettazione alloggio non sarà possibile annullare l'assegnazione, che sarà valida per l'intero periodo di assegnazione così come accettato dallo studente, che si impegna al pagamento dell'intera retta alloggi prevista per l'anno accademico di riferimento. Sono previste alcune casistiche di rinuncia e recesso, dettagliate sulla pagina dedicata del sito (link): si prega di prenderne attenta visione."
Alloggi on campus ;Disponibilità di alloggi in corso d'anno;;Passi successivi;"Documentazione per attestare l'assegnazione alloggio
Durante tutto l'anno accademico, l'esito della tua domanda online resterà visibile in MyApplication: potrai stamparlo o scaricarlo in pdf se it servirà attestare la permanenza in alloggio, infatti l'esito contiene tutte le informazioni generalmente necessarie a questo scopo (nome e indirizzo della residenza, periodo di assegnazione, prezzo dell'alloggio assegnato).
Cambio camera
Per tutto il periodo in cui lo studente è ospite di una residenza Bocconi non è consentito il cambio camera. È invece facoltà dell’Università Bocconi trasferire l’ospite anche in corso d’anno in altra struttura abitativa alla tariffa prevista per la residenza di destinazione.
Check-in e pagamenti
Se hai ottenuto e accettato l'assegnazione di un alloggio, verifica le informazioni relative al pagamento della prima rata della retta alloggi a.a. 2023-24, al check-in online e alla vita in residenza.
Rinnovo dell'assegnazione
L’assegnazione dell’alloggio per l’a.a. 2023-2024 viene concessa per il solo anno accademico di presentazione della domanda, non è pertanto automaticamente concessa per gli anni accademici successivi ma costituisce responsabilità dello studente verificare l’eventuale possibilità di conferma e provvedere alle successive domande di assegnazione nei modi che saranno previsti dai Bandi di Concorso alloggi di ciascun anno accademico di interesse.
Attenzione
Gli studenti assegnatari di alloggio per i quali fosse successivamente accertata la mancata regolare immatricolazione/iscrizione all’a.a. 2023-24 perdono il diritto di idoneità ad usufruire del Servizio Alloggi per l’a.a. 2023-2024. L’avvenuta assegnazione sarà cancellata d’ufficio e gli studenti saranno tenuti a lasciare immediatamente l’alloggio assegnato. Si specifica che i pagamenti dovuti rimarranno a carico dello studente anche in caso di cancellazione dell’assegnazione. Per tale motivo si invitano gli studenti a porre particolare attenzione, prima di presentare domanda di alloggio, alle disposizioni in tema di cancellazione specificate sulla pagina dedicata del sito.

Ai fini dell’accertamento della veridicità delle informazioni fornite l’Università Bocconi si avvarrà delle facoltà previste dalle vigenti disposizioni di legge."
Alloggi on campus ;Disponibilità di alloggi in corso d'anno;Open reservation - confermare, modificare e cancellare la prenotazione;Open reservation - confermare, modificare e cancellare la prenotazione;"Se hai prenotato un alloggio in una sessione di Open reservation e desideri confermare la tua prenotazione, ricorda che la conferma della prenotazione dovrà avvenire entro le ore 23.59 della sera stessa. Procedi come indicato di seguito:

Stampa, firma a penna e con firma leggibile, scansiona e carica negli spazi dedicati tutti i documenti che troverai in application
Procedi al versamento del deposito cauzionale di 500 euro seguendo le istruzioni e carica la ricevuta di avvenuto pagamento
Clicca su ""Inoltra domanda""
 
Se ricevi notifiche relative a documenti mancanti o non conformi
Stampa una nuova copia dei documenti che devi integrare, compilala, firmala come richiesto e caricala nella sezione “Documenti integrativi”. Attenzione: ti consigliamo di procedere a questa operazione da computer, il caricamento tramite cellulare può infatti dare problemi. Se hai difficoltà, prova a cambiare browser.

 
Se riscontri difficoltà con il pagamento del deposito cauzionale
Non preoccuparti, se caricherai i documenti entro le 23.59 della sera stessa la prenotazione sarà comunque confermata: tuttavia è necessario fornire copia della ricevuta del pagamento del deposito cauzionale. Se anche cambiando browser riscontri problemi nel pagamento tramite Paytool, puoi effettuare un bonifico bancario, utilizzando le seguenti coordinate:

 

Causale: ""Deposito alloggi"" - Cognome - Nome – Matricola
Beneficiario: Università Bocconi
Banca Popolare di Sondrio - Ag. 11 - Via Bocconi 8 - 20136 Milano
IBAN: IT55 E056 9601 6100 0000 2000 X88
SWIFT CODE: POSOIT22MIL

 
Se avevi già versato in precedenza un altro deposito cauzionale
Non è necessario versare un nuovo deposito, ma solo se la precedente assegnazione è avvenuta nel corso del medesimo anno accademico e se non ti è ancora stata rimborsata: in questo caso puoi caricare la copia della precedente ricevuta, l’ufficio ne verificherà la conformità. Se invece avevi già ottenuto il rimborso del precedente deposito cauzionale, è necessario provvedere a un nuovo versamento.

 
Modifica/cancellazione della prenotazione
Dopo aver confermato la prenotazione di un alloggio, non è possibile cancellare la prenotazione nè modificare il periodo della stessa. Ciò significa che non potrai richiedere di estendere il tuo periodo di permanenza oltre il termine indicato in fase di conferma assegnazione, né richiedere di anticipare il termine della tua assegnazione.

Naturalmente potrai disporre dell'alloggio a tuo piacimento durante tutto il tuo periodo di assegnazione, eventualmente anche lasciando l'alloggio in anticipo. Dal punto di vista amministrativo, tuttavia, l'alloggio risulterà formalmente assegnato a te e sarai tenuto al pagamento della retta alloggi per tutto il periodo dell'assegnazione.

Nota bene: anche per le prenotazioni Open resta ferma la possibilità di fare riferimento alle norme previste per il recesso, valide per tutti gli assegnatari di alloggio in residenza e dettagliate sulla pagina dedicata del sito."
Alloggi on campus ;Disponibilità di alloggi in corso d'anno;Open reservation - sessione di recupero a.a. 2022-23;Open reservation - sessione di recupero a.a. 2022-24;"Per far fronte con flessibilità alle necessità degli studenti del Diritto allo Studio Universitario, compatibilmente con le tempistiche delle domande alloggi a.a. 2022-23, è stata introdotta una sessione Open reservation ""di recupero"" che consentirà agli studenti risultati idonei per la Borsa di Studio ISU Bocconia.a. 2022-23durante l'autunno 2022 di richiedere il cambio tariffazione alloggio rispetto alla tariffa già applicata per l'a.a. 2022-23 (se già assegnatari di alloggio a tariffa intera) oppure la nuova ammissione in alloggio a tariffa agevolata per l'a.a. 2022-23 (se non ancora assegnatari di alloggio).

 

OPEN RESERVATION SESSIONE DI RECUPERO A.A. 2022-23: ASSEGNAZIONI TERMINATE

 

Potranno partecipare alla Open reservation — sessione di recupero tariffe agevolate esclusivamente gli studenti risultati idonei ISU per l'a.a. 2022-2023
 

Partecipando alla Open reservation—sessione di recupero, sarà possibile presentare una delle seguenti due richieste:

1. Richiesta di cambio tariffazione per l'a.a. 2022-23

Questa richiesta potrà essere presentata esclusivamente da studenti:
-assegnatari di un alloggio a tariffa intera per l’a.a. 2022-2023 (in qualunque precedente sessione di assegnazione)
-risultati idonei per la Borsa di Studio ISU Bocconi a.a 2022-23

 

Se la richiesta verrà accolta:


> la tariffa agevolata sarà applicata a partire dalla seconda rata alloggio e non è previsto il conguaglio della prima rata alloggio già versata;
> il cambio di tariffazione sarà applicato esclusivamente se per l'a.a. 2022-23 il richiedente sarà risultato idoneo per la Borsa di Studio ISU Bocconi;
> il cambio di tariffazione sarà applicato soltanto se l’alloggio occupato per l’a.a. 2022-2023 rientri tra le tipologie previste anche a tariffa agevolata.

Si specifica che il cambio tariffazione sarà soggetto alla disponibilità di posti alloggio assegnabili a tariffa agevolata eventualmente disponibili successivamente alle precedenti domande di alloggio a tariffa agevolata oppure al termine del periodo di “Recesso anticipato”, entro il numero di posti letto così come definiti sul Bando di Concorso alloggi 2022-2023.

 

2. Nuova ammissione  in alloggio a tariffa agevolata per l'a.a. 2022-23

Questa richiesta potrà essere presentata esclusivamente da studenti:
-non assegnatari di un alloggio per l’a.a. 2022-2023
-risultati idonei per la Borsa di Studio ISU Bocconi a.a 2022-23

L'assegnazione delle camere, valida a partire da gennaio 2023, sarà soggetta alla disponibilità di posti alloggio assegnabili a tariffa agevolata entro il numero di posti letto cosi come definiti dal Bando di concorso alloggi 2022-2023. Per le assegnazioni saranno utilizzate le camere a tariffa agevolata rimaste libere successivamente alle precedenti domande di alloggio a tariffa agevolata (comprese le richieste di cambio tariffazione) o eventualmente disponibili al termine del periodo di “Recesso anticipato”.

Nel caso in cui il numero dei richiedenti superi il numero dei posti disponibili, l'assegnazione avverrà dando priorità a:
> fuori sede
> matricole
> importo dell'indicatore ISEE/ISEEU crescente"
Alloggi on campus ;Disponibilità di alloggi in corso d'anno;;Presentazione della domanda;"La domanda potrà essere presentata nel periodo 2-16 novembre 2022 attraverso il link pubblicato di seguito:

Domanda online Open Reservation sessione di recupero

(domanda scaduta)

 

Prima di accedere alla domanda prendi visione dei documenti utili (Bando di Concorso Alloggi provvisorio a.a. 2022-23, Regolamento Residenze Bocconi a.a. 2022-23, Informativa privacy) disponibili al seguente link.

L’accesso sarà possibile con le credenziali Bocconi (username/matricola e password) e attraverso un unico dispositivo.
"
Alloggi on campus ;Disponibilità di alloggi in corso d'anno;;Esiti;"L'esito della domanda di Open reservation - sessione di recupero sarà disponibile in My Application, all'interno della domanda online presentata, entro il 24 novembre 2022.

In caso di richiesta di cambio tariffazione con esito negativo per indisponibilità di posti alloggio assegnabili a tariffa agevolata (come specificato al punto 1) lo studente potrà presentare domanda di recesso anticipato entro e non oltre il 25 novembre 2022.

In caso di Nuova ammissione in alloggio a tariffa agevolata (sessione di recupero) con esito negativo per indisponibilità di posti alloggio assegnabili a tariffa agevolata, lo studente potrà presentare domanda di Open reservation a tariffa intera in data 1 dicembre 2022."
Alloggi on campus ;Check-in e check-out;Quando e come posso effettuare il check-in?;Quando e come posso effettuare il check-in?;"Dopo aver prenotato un alloggio e aver ricevuto conferma dell'assegnazione da parte dell'ufficio, sei pronto per il check-in! Segui gli step indicati di seguito, validi per tutte le assegnazioni alloggio:

1. Consulta l'esito della tua assegnazione cliccando sul pulsante ""esito / result"" in MyApplication

2. Procedi al pagamento della prima rata alloggi entro la scadenza indicata nell'esito, tramite MAV
(che trovi già o troverai in agenda you@B - questa informazione viene specificata nell'esito)

3. Compila la procedura di check-in online che troverai già ""in corso"" su MyApplication entro la scadenza indicata, che coincide con quella di pagamento della prima rata alloggi. La scadenza per il pagamento/check-in online viene sempre specificata nell'esito

4. Prendi possesso del tuo alloggio presentandoti direttamente alla reception a partire dalla data di inizio assegnazione; ti servirà solo un documento di identità in corso di validità.

Room check
Dopo aver effettuato il tuo ingresso in residenza, riceverai una email che ti invita a rientrare nella procedura online tramite MyApplication e compilare la sezione Room check del check-in online. E' molto importante che tu compili questa sezione, fornendo una valutazione dell'alloggio al tuo arrivo e segnalando eventuali anomalie o malfunzionamenti al gestore della residenza. Il gestore e gli uffici competenti prenderanno in esame quanto da te riportato e si adopereranno per migliorare il servizio.


Suggerimento: si consiglia di effettuare il check-in in residenza preferibilmente tra le ore 9:00 e le ore 17:00, così che lo staff della residenza possa garantire qualsiasi supporto necessario.
 

Check in estivo

Per tutti gli studenti che entreranno in residenza a fine agosto si specifica che:
>il MAV per il pagamento della prima rata alloggi sarà disponibile in agenda you@B nel corso del mese di luglio. Attenzione: per gli studenti di anni successivi al primo, per poter visualizzare il MAV in agenda è necessario prima completare l'iscrizione all'anno accademico di riferimento.

> Qualora sia stata caricata la ricevuta di pagamento ma la situazione finanziaria in Agenda yoU@B non sia ancora stata aggiornata (luce verde di fianco al relativo pagamento), sarà possibile comunque effettuare il check-in in residenza.

> N.B. Se sei uno studente ammesso al programma “Una Scelta Possibile”, all’interno dello spazio upload “Ricevuta pagamento prima rata_Payment receipt” carica la ""Domanda alloggio_Housing application"" a titolo gratuito già caricata all'interno della tua Special Programs Housing Application."
Alloggi on campus ;Check-in e check-out;Cosa devo fare in vista del check-out?;Cosa devo fare in vista del check-out?;"Il periodo di assegnazione standard nelle residenze Bocconi va da fine agosto (inizio anno accademico) a fine giugno. Il check out è previsto entro le ore 12 dell'ultimo giorno di assegnazione alloggio.

Al momento del check out, ogni studente deve liberare completamente l'appartamento e riconsegnare la chiave / tessera del proprio alloggio alla reception. 

Se non tornerai in residenza il prossimo anno, ma stai eseguendo il check-out definitivo, avrai diritto al rimborso del deposito cauzionale - fatte salve le casistiche in cui ciò non è previsto.

Il rimborso del deposito cauzionale verrà effettuato secondo le regole indicate nell'apposito articolo."
Alloggi on campus ;Check-in e check-out;Check-out estivo;Check-out estivo;"Il periodo di assegnazione standard nelle residenze Bocconi va da fine agosto a fine giugno e il check out è previsto entro le ore 12 dell'ultimo giorno di assegnazione dell'alloggio.

Al momento del check out ogni studente deve liberare completamente l'appartamento e riconsegnare la chiave/la tessera del proprio alloggio. 

Vengono dettagliate di seguito le eccezioni relative agli studenti che abbiano richiesto l'estensione dell'assegnazione alloggio per il mese di luglio e/o abbiano confermato l'alloggio per l'a.a. 2023-24.

 

> Se NON hai richiesto l'estensione della tua assegnazione alloggio per il mese di luglio e hai confermato la tua camera per il prossimo anno accademico:

Dovrai eseguire il check-out entro le ore 12 del 27 giugno 2023 lasciando l'alloggio completamente libero da ogni effetto personale e riconsegnando le chiavi alla reception. Anche se hai presentato domanda di conferma dell'alloggio per l'a.a. 2023-24, ti ricordiamo che la tua assegnazione per l'a.a. 2022-23 scade il 27 giugno 2023, dunque entro tale data dovrai liberare completamente l'alloggio da ogni effetto personale, per poi riprenderne possesso a partire da fine agosto.

Potrai lasciare le stoviglie ordinatamente riposte all'interno degli armadi della cucina comune interna all'appartamento.

Attenzione: non sarà possibile lasciare alcun materiale edibile all'interno degli alloggi; tutto il materiale rinvenuto dalla gestione della residenza sarà smaltito.

In caso di necessità ti suggeriamo di valutare servizi di deposito bagagli molto comuni a Milano, come ad esempio Boxok, Redbox Strage, Radical storage, Casaforte Milano. 

 

> Se hai richiesto l'estensione della tua assegnazione alloggio per il mese di luglio e hai confermato la tua camera per l'a.a. 2023-24.

Sei autorizzato a lasciare i tuoi effetti personali nella stanza, a condizione che essi siano ordinatamente riposti negli armadi e che nulla sia lasciato su mensole e ripiani.

Attenzione: non sarà possibile lasciare alcun materiale edibile all'interno degli alloggi; tutto il materiale rinvenuto dalla gestione della residenza sarà smaltito.

Ricordati che durante l'estate il gestore potrà effettuare interventi di tinteggiatura, pulizia e sanificazione e che l'università Bocconi e il gestore della residenza non potranno in alcun modo essere ritenuti responsabili per eventuali oggetti lasciati nell'alloggio.

 

> Se hai richiesto l'estensione della tua assegnazione alloggio per il mese di luglio e NON hai confermato la tua camera per l'a.a. 2023-24.

Esegui regolarmente il check-out entro le ore 12.00 del 29 luglio 2023 rimuovendo dall'alloggio tutti i tuoi effetti personali e consegnando le chiavi/la tessera alla reception."
Alloggi on campus ;Vivere le residenze;Calendario residenze e periodi di apertura straordinaria;Calendario residenze ;"Le residenze Bocconi per l'a.a. 2023-24 saranno aperte dal 20 agosto 2023 (dalle ore 7:00) al 27 giugno 2024 (check-out entro le ore 12:00 dell'ultimo giorno d'assegnazione).

Il periodo di assegnazione standard (20 agosto 2023 - 27 giugno 2024) risponde alle necessità accademiche della maggior parte degli studenti.

Ti consigliamo di effettuare il check-in in residenza preferibilmente tra le ore 9:00 e le ore 17:00, così che lo staff della Residenza possa garantirti qualsiasi supporto necessario.

Gli studenti interessati a rimanere in residenza durante:

il periodo di apertura natalizia (24/12/2023 - 03/01/2024)
il mese di luglio 2024 (fino al 28/07/2024)
dovranno presentare domanda online secondo le modalità indicate di seguito alla sezione ""Periodi di apertura straordinaria"".

Non ci sono limitazioni orarie di ingresso o di uscita per gli ospiti delle residenze. Ce ne sono, invece, per gli ospiti esterni, la cui presenza in residenza è consentita esclusivamente tra le ore 7:00 e le ore 24:00. "
Alloggi on campus ;Vivere le residenze;Calendario residenze e periodi di apertura straordinaria;PERIODI DI APERTURA STRAORDINARIA;"Di seguito le informazioni relative ai periodi di apertura straordinaria delle Residenze Bocconi per l’a.a. 2023-24.

 

Richiesta permanenza nel periodo di apertura natalizia (24 dicembre 2023 - 2 gennaio 2024)

Se intenderai alloggiare in residenza nel periodo di apertura natalizia (24 dicembre 2023 - 2 gennaio 2024), dovrai completare il modulo dedicato, disponibile su questa pagina a partire da metà novembre, e inviarlo all'ufficio.

Nel periodo 24 dicembre 2023 - 2 gennaio 2024 le Residenze garantiranno solo servizi minimi relativamente a portineria e pulizie. A seconda della numerosità dei presenti, alcune delle cucine comuni delle residenze potranno non essere fruibili. Si ricorda che durante tutto questo periodo è vietato l'accesso di ospiti esterni in residenza.

Richiesta permanenza nel mese di luglio 2024

Se intenderai rimanere in residenza anche nel mese di luglio 2023 (fino al 28 luglio 2023), dovrai completare l’apposita application disponibile dal 10 al 20 febbraio 2024. Il pagamento della mensilità di luglio sarà addebitato nella terza rata alloggio.


APPLICATION ONLINE
Richiesta permanenza in alloggio luglio 2024
(link disponibile nel periodo dedicato)"
Alloggi on campus ;Vivere le residenze;Sono previsti periodi di chiusura delle residenze durante l'anno?;Sono previsti periodi di chiusura delle residenze durante l'anno?;"Durante il periodo di assegnazione standard (da fine agosto a fine giugno) non sono previsti periodi di chiusura. Di seguito trovi alcune informazioni utili relativamente ai periodi di apertura/chiusura delle residenze:   

Periodo natalizio
Su richiesta, è possibile rimanere in residenza anche durante il periodo delle festività natalizie: le residenze infatti rimarranno aperte pur garantendo servizi minimi. Per presentare richiesta di permanenza durante questo periodo di apertura straordinaria, verifica le informazioni necessarie sul sito.

Chiusura estiva
Durante il periodo di chiusura estiva la gestione della residenza porterà a termine tutti gli interventi di manutenzione ordinaria e straordinaria necessari nelle camere, negli appartamenti e nelle zone comuni. Al momento del check-out, anche se hai presentato domanda di conferma alloggio per il prossimo anno accademico, dovrai liberare completamente la camera.

Nota: Solo gli studenti che avranno presentato apposita richiesta di assegnazione per il mese di luglio (application dedicata nel mese di febbraio) potranno lasciare i propri effetti personali in camera: in questo caso ti invitiamo a non lasciare in residenza effetti personali o altro materiale di valore, e di riporre ordinatamente all’interno degli armadi tutto ciò che intendi lasciare nella tua camera. Ti ricordiamo che l’Università Bocconi e la Gestione della residenza non rispondono di eventuali oggetti di valore lasciati incustoditi nelle camere."
Alloggi on campus ;Vivere le residenze;Tipologia di camere e dotazioni previste;Tipologia di camere e dotazioni previste;"Nelle residenze Bocconi sono disponibili diverse tipologie di alloggio: le camere sono sempre singole, ma possono avere bagno privato o in condivisione, trovarsi all’interno di appartamenti da 2 o 4 posti oppure no. Ti invitiamo a verificare le diverse tipologie di alloggi disponibili sul sito.

Dotazioni
Tutte le camere sono arredate con letto, scrivania, armadio e sono dotate di mini-bar e connessione wi-fi. Sono forniti inoltre, coperte, lenzuola, federe e asciugamani: il cambio biancheria e la pulizia delle camere sono settimanali.

Cucine
Qualunque sia la tipologia di camera a te assegnata, avrai sempre la possibilità di accedere a una cucina per preparare i tuoi pasti in autonomia. Se hai una stanza singola puoi utilizzare le cucine comuni, se invece la tua stanza si trova all’interno di un appartamento puoi usufruire della cucina dell’appartamento, dotata di piastre a induzione, frigorifero e forno a microonde. Le residenze Bocconi non prevedono la dotazione di piatti, bicchieri o altre suppellettili da cucina: puoi decidere di portarle da casa prima di arrivare, anche se ti suggeriamo di attendere il tuo arrivo in residenza per poterti organizzare condividendo l’acquisto o l’uso del materiale con i tuoi compagni. Nei dintorni delle residenze troverai supermercati e altri negozi attrezzati dove potrai acquistare da solo o in condivisione tutto ciò di cui hai bisogno. Tutte le cucine presenti nelle residenze Bocconi sono dotate di fornelli a induzione, pertanto sarà possibile utilizzare solo pentole e padelle dotate del simbolo."
Alloggi on campus ;Vivere le residenze;Tipologia di camere e dotazioni previste;Sono presenti locali lavanderia?;"Lavatrici e asciugatrici automatiche sono presenti in tutte le residenze. Costi e modalità di utilizzo sono illustrati nei singoli locali lavanderia delle nostre residenze. Molte delle lavatrici sono dotate di un sistema automatico di dosaggio del sapone, che oltre a facilitare l’uso, si traduce in una significativa riduzione dei contenitori di plastica dei detersivi: l’ambiente ti ringrazia! Le residenze non sono invece dotate di ferri o assi da stiro; nelle vicinanze dell’Università e delle residenze troverai comunque tante lavanderie alle quali potrai rivolgerti qualora ne avessi necessità."
Alloggi on campus ;Vivere le residenze;Pulizia dell'alloggio;Pulizia dell'alloggio;"La pulizia delle aree comuni degli appartamenti, dei bagni e delle camere avviene una volta a settimana. Di norma le pulizie delle camere e degli appartamenti avvengono per piano: al tuo arrivo verifica in quale giorno verranno effettuate nel tuo alloggio. In particolare, vengono effettuati: pulizia dei bagni, pulizia della cucina e della zona giorno, cambio biancheria (lenzuola e asciugamani), rifacimento letti. Per consentire agli addetti di eseguire una pulizia adeguata, ti consigliamo di tenere il più possibile la stanza ordinata.

Ti saranno forniti: coperta, lenzuola e asciugamani per il viso. Se preferisci, puoi comunque portare la tua biancheria personale, che dovrai provvedere a lavare/cambiare in autonomia. Si ricorda che il personale potrà procedere alla pulizia degli alloggi a condizione che essi siano in ordine.

Il servizio di pulizia delle zone comuni della Residenza è invece giornaliero."
Alloggi on campus ;Vivere le residenze;Raccolta differenziata;Raccolta differenziata;"L’Università Bocconi è da sempre impegnata nella promozione della cultura GREEN e del rispetto dell’ambiente tramite progetti e iniziative volte a raggiungere obiettivi quali il corretto smaltimento dei rifiuti, la riduzione della plastica e della carta, l’efficienza energetica.

È nel tuo stesso interesse, all’interno della Residenza gestire e smaltire correttamente i rifiuti.

A Milano vengono distinte 5 frazioni:

organico – contenitore marrone
carta e cartone – contenitore bianco
vetro – contenitore verde
plastica e metallo – sacco giallo
rifiuto indifferenziato – contenitore nero
Se non sei sicuro di come effettuare la raccolta differenziata, dedica due minuti a leggere le informazioni riportate sul sito AMSA - Azienda Milanese per i Servizi Ambientali.

Sul sito dell'Università, trovi maggiori dettagli relativi alla sostenibilità ambientale nelle residenze"
Alloggi on campus ;Vivere le residenze;Ho problemi tecnici nella mia stanza/appartamento. Cosa devo fare?;Ho problemi tecnici nella mia stanza/appartamento. Cosa devo fare?;"Per qualsiasi necessità di intervento tecnico nella tua camera o appartamento ma anche nelle zone comuni della residenza, è necessario compilare un’apposita richiesta sul portale online dedicato: http://residenze.unibocconi.it.

In questo modo, la gestione della residenza potrà essere informata della tua richiesta e prenderla in carico, al fine di risolvere il problema nel più breve tempo possibile. Ricorda che i portieri delle residenze Bocconi non sono autorizzati a raccogliere segnalazioni verbali da parte degli ospiti.

 

Cosa fare se il problema persiste o non è stato risolto?
Prendi visione delle comunicazioni che la gestione potrebbe aver inserito sul portale dedicato in merito alla tua richiesta di intervento: infatti a volte le tempistiche di risoluzione del problema possono dipendere anche da fattori esterni, come ad esempio la fornitura di pezzi di ricambio. Se il problema persiste, puoi rivolgerti allo staff della gestione della residenza per aggiornamenti."
Alloggi on campus ;Vivere le residenze;Ho problemi tecnici nella mia stanza/appartamento. Cosa devo fare?;Cosa fare se il problema persiste o non è stato risolto?;Prendi visione delle comunicazioni che la gestione potrebbe aver inserito sul portale dedicato in merito alla tua richiesta di intervento: infatti a volte le tempistiche di risoluzione del problema possono dipendere anche da fattori esterni, come ad esempio la fornitura di pezzi di ricambio. Se il problema persiste, puoi rivolgerti allo staff della gestione della residenza per aggiornamenti.
Alloggi on campus ;Vivere le residenze;Regolamento delle residenze Bocconi: norme di comportamento;Regolamento delle residenze Bocconi: norme di comportamento;Per vivere serenamente la propria esperienza all’interno delle residenze, è necessario che tutti gli ospiti siano a conoscenza delle norme contenute nel Regolamento delle residenze Bocconi e che le rispettino. Il Regolamento viene letto e sottoscritto da ogni ospite in fase di accettazione dell’alloggio. La violazione di una o più norme del Regolamento può comportare provvedimenti disciplinari, fino all’espulsione dalla residenza. Consulta online il Regolamento residenze Bocconi e trova di seguito le risposte ad alcune domande frequenti:
Alloggi on campus ;Vivere le residenze;Regolamento delle residenze Bocconi: norme di comportamento;Ci sono limitazioni orarie per l'ingresso in residenza? C'è un coprifuoco?;Non ci sono limitazioni orarie di ingresso o di uscita per gli studenti assegnatari di posto alloggio nelle residenze.
Alloggi on campus ;Vivere le residenze;Regolamento delle residenze Bocconi: norme di comportamento;La reception è aperta 24H?;"In tutte le Residenze Bocconi è attiva 24 ore su 24 una reception, dove è possibile effettuare il check-in e ricevere le chiavi della propria stanza. Per completare le operazioni di consegna chiavi sarà necessario presentarsi in reception con un documento di identità in corso di validità.
Al termine della permanenza, dopo aver liberato la stanza da tutti i propri effetti personali, le chiavi andranno riconsegnate alla reception."
Alloggi on campus ;Vivere le residenze;Regolamento delle residenze Bocconi: norme di comportamento;Posso ospitare parenti o amici?;"Se lo desideri, puoi invitare ospiti esterni nella tua camera o appartamento, facendo attenzione a rispettare alcune condizioni essenziali riportate di seguito:

la presenza di ospiti esterni in residenza è consentita esclusivamente tra le ore 7.00 e le ore 24.00;
all'arrivo dell'ospite esterno, il residente viene avvisato telefonicamente e deve recarsi alla reception, dove dovrà compilare l'apposito registro indicando nome, cognome del proprio ospite e anche numero di matricola se bocconiano. Qualora vi fossero più ospiti contemporaneamente, il residente avrà cura di compilare una riga del registro per ogni ospite esterno. Il residente dovrà infine apporre la propria firma sul registro;
 l'ospite esterno firma e deposita in reception un documento di identità (carta di identità, passaporto o patente), che potrà ritirare all'uscita. A questo punto è autorizzato a entrare in residenza;
all'uscita, l'ospite esterno si reca in reception per ritirare il proprio documento di identità e firmare il registro;
l'ospite esterno - così come il residente - si impegna a un comportamento civile e rispettoso, in particolar modo assicurandosi di non recare disturbo ai coinquilini o ad altri residenti;
il residente è sempre responsabile di qualunque comportamento non corretto o violazione del Regolamento da parte dell'ospite esterno."
Alloggi on campus ;Vivere le residenze;Regolamento delle residenze Bocconi: norme di comportamento;Non mi trovo bene con i miei coinquilini, cosa posso fare?;La convivenza richiede rispetto reciproco e capacità di adattamento ad abitudini e stili di vita diversi. È dunque normale che possano sorgere delle incomprensioni tra coinquilini. In questi casi, il dialogo è la soluzione: cerca di trovare un momento adatto e i giusti toni per confrontarti con i tuoi coinquilini in maniera costruttiva, trovando un punto di incontro sulle questioni che vi dividono.
Alloggi on campus ;Vivere le residenze;Regolamento delle residenze Bocconi: norme di comportamento;È possibile inviare/ricevere pacchi in residenza?;Sì, è possibile, ma solo dopo aver effettuato il check-in.
Alloggi on campus ;Vivere le residenze;Rappresentanti di residenza;Rappresentanti di residenza;"Per ognuna delle residenze universitarie Bocconi, gli studenti ospiti hanno la possibilità di eleggere due rappresentanti di Residenza che saranno i loro referenti all'interno della Residenza e gestiranno le richieste di utilizzo del fondo per le attività del tempo libero. 

Gli attuali Rappresentanti delle Residenze Bocconi, in carica fino a settembre 2023, sono elencati di seguito:

 

Residenza

Rappresentanti

BLIGNY

Giovanni Barbaro, Rocco Totaro

BOCCONI

Francesco Citti, Flavia Villar Notario

CASTIGLIONI

Antonio Diciolla, Tomas Rosso

DUBINI

Stefano Graziosi, Martina Giametta

ISONZO

Alessandra Massaro, Giuseppe Liotta

JAVOTTE

Giorgio Armillis, Giulio Belardinelli 

SPADOLINI

Camilla Raspino, Andrea Torre
 

Se sei interessato a ricoprire il ruolo di Rappresentante di residenza, puoi fare riferimento al Regolamento elezione rappresentanti delle Residenze.

Inoltre, ti suggeriamo di confrontarti preventivamente con i rappresentanti in carica, per conoscere la loro esperienza e comprendere a fondo l’importanza del ruolo.


L'elezione dei rappresentanti della Residenza si tiene ogni anno il primo martedì di ottobre.

Di seguito si riassumono le principali scadenze relative all’elezione dei rappresentanti di Residenza."
Alloggi on campus ;Vivere le residenze;Rappresentanti di residenza;Principali scadenze;"Presentazione delle candidature individuali

Entro il 20 settembre

Invio all'ufficio Fees, Funding and Housing da parte
dei rappresentanti uscenti dell'elenco completo dei candidati per ogni residenza

21 settembre

Elezione dei rappresentanti delle residenze

primo martedì di ottobre dalle ore 8.00 alle 19.00"
Alloggi on campus ;Vivere le residenze;Posso chiedere di cambiare camera o residenza?;Posso chiedere di cambiare camera o residenza?;"Non è possibile richiedere di cambiare stanza o residenza, poiché il numero di posti disponibili nelle residenze è limitato e per questo motivo non sarebbe possibile soddisfare tutte le richieste di questo tipo. Se qualche aspetto tecnico del tuo alloggio non ti soddisfa o se hai necessità di interventi di manutenzione puoi rivolgerti alla gestione che farà tutto il possibile per risolvere eventuali malfunzionamenti o altre problematiche riscontrate.

Suggerimento: Se non ti sei trovato/a bene nell'alloggio assegnato e vorresti cambiarlo, puoi attendere la fine della tua assegnazione, non presentare domanda di conferma per l'anno accademico successivo e invece presentare domanda di nuova ammissione in una delle possibilità di application previste, in modo tale da poter concorrere per l'assegnazione di un nuovo alloggio. "
Alloggi on campus ;Vivere le residenze;Avrei bisogno di usufruire del servizio di parcheggio in residenza. Come funziona?;Avrei bisogno di usufruire del servizio di parcheggio in residenza. Come funziona?;"Presso le Residenze Spadolini, Dubini e Isonzo sono disponibili posti auto/moto di cui si potrà usufruire in base alle seguenti tariffe e tempistiche di pagamento:


Tariffa relativa al periodo Settembre - Dicembre 2023: 205,00 €
Tempistiche di pagamento: dal 05/09/2023 al 25/09/2023


Tariffa relativa al periodo Gennaio – Giugno 2024: 300,00 €
Tempistiche di pagamento: dal 09/01/2024 al 22/01/2024

 

Il parcheggio è riservato solo agli assegnatari di alloggio in una delle residenze in cui lo stesso è situato previa verica della disponibilità direttamente con il personale addetto alla reception della Residenza. Lo studente che non sarà più assegnatario di alloggio, non potrà parcheggiare il proprio mezzo in residenza, e non avrà diritto al rimborso di quanto eventualmente già pagato.

Il pagamento dei parcheggi potrà essere effettuato esclusivamente nel periodo indicato sopra e attraverso il seguente link:


Acquisto parcheggio

(link disponibile a partire dal 5 settembre 2023)

Si precisa che i garage non sono custoditi e pertanto l'Università Bocconi e la Gestione delle Residenze declinano ogni responsabilità per furti e danneggiamenti di qualsiasi genere alle autovetture parcheggiate e a quanto in essi contenuto."
Alloggi on campus ;Recesso e rinuncia;Vorrei lasciare l’alloggio anticipatamente rispetto al termine dell’assegnazione. Come posso fare?;Vorrei lasciare l’alloggio anticipatamente rispetto al termine dell’assegnazione. Come posso fare?;"Accettando l'alloggio, ti impegni sempre al pagamento:

della retta per l'intero periodo concordato;
del contributo per il tempo libero;
del deposito cauzionale che verrà restituito solamente al termine del periodo concordato
L'Università Bocconi concede la facoltà di lasciare anticipatamente l'alloggio e recedere dall'impegno di tale pagamento esclusivamente nei previsti casi di:


Rinuncia

Recesso

 

Vi possono essere casi in cui è l’Ufficio a dover revocare o cancellare l’assegnazione:

Revoca

Cancellazione"
Alloggi on campus ;Recesso e rinuncia;Se non occupo più il mio alloggio e voglio cancellare l’assegnazione in un momento non esplicitamente previsto dalle casistiche di recesso, posso farlo? Verrò rimborsato?;Se non occupo più il mio alloggio e voglio cancellare l’assegnazione in un momento non esplicitamente previsto dalle casistiche di recesso, posso farlo? Verrò rimborsato?;Puoi usufruire del tuo alloggio liberamente e non occuparlo se desideri, tuttavia dal punto di vista amministrativo la tua assegnazione può essere cancellata esclusivamente per le motivazioni e nelle finestre temporali esplicitamente previste dal recesso, come da te accettato e sottoscritto in fase di domanda alloggio.
Alloggi on campus ;Recesso e rinuncia;Ho effettuato il recesso al 24 dicembre. Posso ottenere una nuova assegnazione in una delle residenze Bocconi? In questo caso, dovrò versare un nuovo deposito cauzionale?;Ho effettuato il recesso al 24 dicembre. Posso ottenere una nuova assegnazione in una delle residenze Bocconi? In questo caso, dovrò versare un nuovo deposito cauzionale?;"Se hai effettuato il recesso ma durante lo stesso anno accademico desideri ottenere una nuova assegnazione in una delle residenze, potrai presentare richiesta in una delle sessioni Open reservation che si svolgeranno durante l'anno.

In questo caso, non sarai tenuto al versamento di un nuovo deposito cauzionale, quello da te versato per la precedente assegnazione dello stesso anno accademico sarà considerato valido.

Se invece vorrai ottenere una nuova assegnazione di alloggio per l’a.a. successivo, dovrai presentare richiesta in una delle possibilità che saranno previste per quell’anno accademico e ti sarà richiesto il versamento di un nuovo deposito cauzionale."
Alloggi on campus ;Recesso e rinuncia;Revoca e cancellazione dell'assegnazione alloggio;revoca;"L’assegnazione dell’alloggio sarà revocata nei seguenti casi:

a. Provvedimenti disciplinari
Lo studente che nel corso dell’anno riceva sanzioni disciplinari superiori alla ammonizione comminate dall’Università Bocconi incorre nella revoca dell’assegnazione dell’alloggio con conseguente espulsione dalla residenza e perdita del deposito cauzionale. In questo caso lo studente dovrà lasciare definitivamente l’alloggio a lui assegnato.


b. Grave violazione del Regolamento Residenze Bocconi
Lo studente che nel corso dell'anno si sia reso responsabile di grave violazione delle norme del Regolamento Residenze Bocconi incorre nella revoca dell’assegnazione dell’alloggio con conseguente espulsione dalla residenza e perdita del deposito cauzionale. In questo caso lo studente dovrà lasciare immediatamente e definitivamente l'alloggio a lui assegnato.

L’Università si riserva di deferire lo studente alla Commissione disciplinare.
L'Università si riserva inoltre di disporre la non idoneità dello studente ad usufruire del Servizio Alloggi per l'intero ciclo di studi.


c. Dichiarazioni non veritiere
Lo studente che abbia presentato/presenti dichiarazioni non veritiere, incorre nella revoca dell’assegnazione dell’alloggio con conseguente espulsione dalla residenza e perdita del deposito cauzionale. In questo caso lo studente dovrà lasciare immediatamente e definitivamente l’alloggio a lui assegnato. Saranno inoltre applicate le sanzioni previste dagli artt. 75 e 76 del D.P.R 445/2000 nonché le sanzioni previste dall’art. 10 comma 3 del D.lgs. 68/2012 consistenti nella perdita del diritto a ottenere altre erogazioni per tutta la durata del corso degli studi, nel pagamento di una somma di importo triplo rispetto al valore dei servizi indebitamente fruiti, fatta salva in ogni caso l'applicazione delle sanzioni di cui all'articolo 38, comma 3, del d.l n. 78/2010 nonché delle norme penali per i fatti costituenti reato.

L’Università Bocconi si riserva la possibilità di adottare sanzioni disciplinari e, qualora si ravvisino gli estremi di reato (art. 331 c.p.p.), la denuncia all’autorità giudiziaria.
"
Alloggi on campus ;Recesso e rinuncia;Revoca e cancellazione dell'assegnazione alloggio;cancellazione ;"Saranno cancellate d’ufficio le assegnazioni alloggio per gli studenti che rientrino nelle seguenti casistiche e che non abbiano presentato richiesta di RINUNCIA ALL’ALLOGGIO o RECESSO nei tempi e nei modi previsti:

 

Mancanza requisiti per usufruire dell’alloggio (merito e immatricolazione/iscrizione all’anno accademico)
L’assegnazione alloggio sarà cancellata a coloro che in qualsiasi momento dell’anno risulteranno privi di uno o più requisiti per usufruire dell'alloggio: requisito di merito oppure requisito di immatricolazione/iscrizione all’anno accademico 2023-24.

Tali studenti dovranno lasciare immediatamente l’alloggio, saranno comunque tenuti al pagamento per intero delle rate alloggi già scadute e non avranno diritto al rimborso delle stesse se già pagate.

Non avranno diritto al rimborso del deposito cauzionale.


Rinuncia agli studi o trasferimento ad altro ateneo
L’assegnazione alloggio sarà cancellata a coloro che si immatricoleranno/iscriveranno all’a.a. 2023-24 e che successivamente all’immatricolazione/iscrizione, in qualunque momento dell’anno accademico, si trasferiranno ad altro ateneo o rinunceranno agli studi.

Tali studenti dovranno lasciare immediatamente l’alloggio, saranno comunque tenuti al pagamento per intero delle rate alloggi già scadute e non avranno diritto al rimborso delle stesse se già pagate.

Non avranno diritto al rimborso del deposito cauzionale.


Mancato rispetto delle scadenze di pagamento
L’assegnazione alloggio sarà cancellata a coloro che non provvedano al pagamento della rata alloggi decorsi 15 giorni dalla scadenza.

Tali studenti dovranno lasciare immediatamente l’alloggio, saranno comunque tenuti al pagamento per intero delle rate già scadute e non avranno diritto al rimborso delle rate già pagate.

Non avranno diritto al rimborso del deposito cauzionale.

In questo caso verrà applicata anche la sospensione delle attività didattiche e amministrative fino alla presentazione della ricevuta attestante il pagamento delle rate rimaste in sospeso. 

L'Università si riserva inoltre in questo caso di disporre la non idoneità dello studente ad usufruire del Servizio Alloggi per l'intero ciclo di studi.


Laurea
L’assegnazione alloggio sarà cancellata a coloro che conseguiranno la laurea nel corso dell’anno.

Tali studenti dovranno lasciare definitivamente l’alloggio a loro assegnato entro la fine dello stesso mese di conseguimento della laurea. Saranno dovute (o non rimborsate se già pagate) in questo caso la mensilità di uscita e quella successiva.

Non avranno diritto al rimborso del deposito cauzionale.  


Mancanza requisito economico diritto allo studio (per ospiti tariffa agevolata)
L’assegnazione alloggio sarà cancellata a coloro che risultino assegnatari di alloggio a tariffa agevolata per l’a.a. 2023-24, ma presentino ai fini della domanda di Borsa di Studio ISU Bocconi a.a. 2023-24 un’attestazione ISEE/ISEEU parificato i cui valori non rientrino nei limiti previsti per beneficiare della tariffazione agevolata.

Tali studenti dovranno lasciare immediatamente l’alloggio, saranno comunque tenuti al pagamento per intero delle rate alloggi già scadute e non avranno diritto al rimborso delle stesse se già pagate.

Non avranno diritto al rimborso del deposito cauzionale."
Alloggi on campus ;Cessione temporanea;Come funziona la cessione temporanea?;Come funziona la cessione temporanea?;"Se sarai ospite di una delle residenze Bocconi nell’a.a. 2023-24 e nello stesso anno accademico prenderai parte al Programma Scambi, Free Mover o effettuerai uno stage fuori sede riconosciuto dall'Università Bocconi (verificato dagli uffici competenti), potrai chiedere di mettere a disposizione di un altro studente, regolarmente iscritto all'a.a. 2023-24 all'Università Bocconi a un corso di laurea, laurea magistrale a ciclo unico, laurea magistrale o master universitario, il tuo alloggio in corrispondenza del semestre durante il quale svolgerai l'esperienza internazionale. Sarà possibile cedere l’alloggio per una o più mensilità di seguito purché all’interno dello stesso semestre – in base all’accordo che cedente e subentrante prenderanno tra loro (cioè dei periodi: settembre-gennaio per il 1° semestre oppure gennaio-giugno per il 2° semestre).

La partecipazione al Programma Scambi, Free Mover o stage fuori sede riconosciuto dall'Università Bocconi sarà verificata dagli uffici.

Sarà tua responsabilità individuare e segnalare il nominativo di uno studente bocconiano interessato a occupare provvisoriamente l'alloggio. Ti suggeriamo di consultare il link al gruppo Facebook gestito dai rappresentanti degli studenti che può essere utile per trovare uno studente interessato ad un'assegnazione temporanea dell'alloggio.


Si precisa che:

in caso di camere con bagno in condivisione, è necessario che lo studente subentrante sia dello stesso genere dello studente cedente;
l’alloggio può essere ceduto soltanto per mensilità intere;
allo studente che occuperà provvisoriamente l'alloggio, non verranno richiesti requisiti di merito e di reddito.
 

Inoltre, con riferimento al calcolo della retta alloggi dovuta in caso di cessione temporanea:

Per gli studenti coinvolti nella cessione temporanea, la retta complessiva alloggio sarà determinata in base alla tariffa mensile.
Quando la camera del cedente è assegnata a tariffa INTERA lo studente subentrante deve pagare l'alloggio esclusivamente a tariffa intera (tariffa mensile).
Quando la camera del cedente è assegnata a tariffa AGEVOLATA lo studente subentrante pagherà l’alloggio a tariffa intera, ad eccezione che si verifichi uno dei seguenti casi:

Lo studente subentrante ha partecipato alla sessione di assegnazione “Alloggi: NUOVA ammissione a TARIFFA AGEVOLATA a.a. 2023/2024” (esiti a marzo 2023) ed ha avuto un esito di assegnazione (poi da lui stesso non accettata) oppure un esito di non assegnazione per mancanza di posti (nota1). In questi casi, al momento della richiesta di cessione/subentro lo studente interessato potrà richiedere di pagare a tariffa AGEVOLATA.
oppure

Lo studente risultati idoneo alla ""Borsa di Studio ISU Bocconi a.a. 2023-24"" in seguito alla pubblicazione della graduatoria definitiva (fine ottobre 2023). In questo caso si specifica che la tariffazione agevolata sarà applicata solamente alle rate previste in scadenza DOPO la definizione della sua idoneità. Infatti, nel caso in cui il subentrante debba pagare una rata prima della pubblicazione degli esiti delle graduatorie ISU – quindi che abbia concordato un subentro per un periodo compreso tra settembre e dicembre – dovrà pagare tariffa intera.
Nota 1

Lo studente ha ricevuto un esito riportante questa dicitura: “Siamo spiacenti di comunicarti che non è stato possibile assegnarti un posto alloggio a tariffa agevolata per l’a.a. 2023-2024 presso una delle residenze Bocconi in quanto il numero dei richiedenti alloggio a tariffa agevolata ha superato il numero dei posti disponibili riservati al diritto allo studio per l’a.a. 2023-2024”.

 

Tempistiche e modalità di presentazione della domanda di cessione temporanea
Possono fare domanda di cessione temporanea esclusivamente gli assegnatari 2023-24 che rispettino tutti i requisiti di merito e/o reddito e iscrizione all’a.a. come definiti dalla domanda di alloggio.

In caso di mancato rispetto dei requisiti e dunque in caso di conseguente revoca dell’assegnazione la cessione si considera annullata.

Lo studente cedente è responsabile di eventuali mancati pagamenti ed è tenuto a rifondere l’Università.

La domanda di cessione temporanea potrà essere presentata attraverso il link disponibile nel box ""Links"" unicamente nei seguenti periodi:

dal 26/06/2023 al 30/06/2023 (per gli studenti che effettueranno l'esperienza internazionale nel I o nel II semestre a.a. 2023-24);
dal 30/10/2023 al 5/11/2023 Per gli studenti che effettueranno l'esperienza internazionale nel II semestre a.a. 2023-24
 

Cessione temporanea a.a. 2023-24
II semestre: dal 30 ottobre al 5 novembre 2023
 

Periodi e pagamenti

Il periodo dovrà essere concordato tra gli studenti e dovrà corrispondere a quello dell'esperienza internazionale; sarà possibile cedere l’alloggio per una o più mensilità consecutive – in base all’accordo che cedente e subentrante prenderanno tra loro - purché all’interno dello stesso semestre (cioè dei periodi: settembre-gennaio per il primo semestre oppure gennaio-giugno per il secondo semestre).
Sarà possibile cedere l’alloggio anche per l’intero anno accademico, presentando due domande di cessione temporanea distinte – una a luglio ed una a novembre.
Ciascuno  pagherà la tariffa mensile prevista per la tipologia di camera per i propri mesi di effettiva permanenza, ricevendo il MAV in agenda you@B.

Nota: la cessione temporanea sarà possibile solo nel caso in cui lo studente partecipi a un programma internazionale in presenza, mentre non è consentita la presentazione della richiesta nel caso in cui l'esperienza si svolga online."
Alloggi on campus ;Cessione temporanea;Sono subentrante in una cessione temporanea, posso accedere alla tariffa agevolata?;Sono subentrante in una cessione temporanea, posso accedere alla tariffa agevolata?;"Con riferimento al calcolo della retta alloggi dovuta in caso di cessione temporanea:

Per gli studenti coinvolti nella cessione temporanea, la retta complessiva alloggio sarà determinata in base alla tariffa mensile.
Quando la camera del cedente è assegnata a tariffa INTERA lo studente subentrante deve pagare l'alloggio esclusivamente a tariffa intera (tariffa mensile).
Quando la camera del cedente è assegnata a tariffa AGEVOLATA lo studente subentrante pagherà l’alloggio a tariffa intera, ad eccezione che si verifichi uno dei seguenti casi:

Lo studente subentrante ha partecipato alla sessione di assegnazione “Alloggi: NUOVA ammissione a TARIFFA AGEVOLATA a.a. 2023/2024” (esiti a marzo 2023) ed ha avuto un esito di assegnazione (poi da lui stesso non accettata) oppure un esito di non assegnazione per mancanza di posti (nota1). In questi casi, al momento della richiesta di cessione/subentro lo studente interessato potrà richiedere di pagare a tariffa AGEVOLATA.
oppure

Lo studente risultati idoneo alla ""Borsa di Studio ISU Bocconi a.a. 2023-24"" in seguito alla pubblicazione della graduatoria definitiva (fine ottobre 2023). In questo caso si specifica che la tariffazione agevolata sarà applicata solamente alle rate previste in scadenza DOPO la definizione della sua idoneità. Infatti, nel caso in cui il subentrante debba pagare una rata prima della pubblicazione degli esiti delle graduatorie ISU – quindi che abbia concordato un subentro per un periodo compreso tra settembre e dicembre – dovrà pagare tariffa intera.
Nota 1

Lo studente ha ricevuto un esito riportante questa dicitura: “Siamo spiacenti di comunicarti che non è stato possibile assegnarti un posto alloggio a tariffa agevolata per l’a.a. 2023-2024 presso una delle residenze Bocconi in quanto il numero dei richiedenti alloggio a tariffa agevolata ha superato il numero dei posti disponibili riservati al diritto allo studio per l’a.a. 2023-2024”."
Alloggi on campus ;Cessione temporanea;Cosa succede se subentrante e cedente cambiano idea dopo l’approvazione della domanda?;Cosa succede se subentrante e cedente cambiano idea dopo l’approvazione della domanda?;"L’Ufficio Fees, Funding e Housing supervisiona l’accordo di cessione temporanea tra studenti esclusivamente da un punto di vista amministrativo (raccolta e verifica della documentazione, emissione dei MAV per i periodi di competenza, controlli con gli uffici competenti) e organizzativo (comunicazione alle residenze dei nominativi e dei periodi di assegnazione), con lo scopo di facilitare e supportare gli studenti che siano in partenza per programmi internazionali oppure alla ricerca di un alloggio temporaneo.

Se successivamente alla conclusione dell’accordo dovessero sorgere necessità condivise di modifica dello stesso (es. estensione o diminuzione del periodo), l’Ufficio prenderà nota di tale comunicazione che dovrà pervenire in forma congiunta e condivisa dalle parti e attuerà tutte le procedure amministrative necessarie.

Viceversa, se dovessero sorgere incomprensioni o necessità divergenti tra il cedente e il subentrante, l’Ufficio NON interverrà in nessun caso e continuerà a valere l’accordo originario così come richiesto dagli studenti e confermato dall’Ufficio in fase di application. L’Ufficio interverrà con le procedure amministrative necessarie esclusivamente se e quando gli studenti (cedente e subentrante) avranno trovato tra loro e comunicato in forma scritta, congiunta e condivisa, una richiesta di modifica dell’accordo.

Si ricorda che NON è possibile annullare l’accordo di cessione temporanea."
;;;;
;;;;
;;;;
;;;;
;;;;
;;;;
;;;;